{
    "$schema": "http://schema.management.azure.com/schemas/2014-04-01-preview/deploymentTemplate.json#",
    "contentVersion": "1.0.0.0",
    "parameters": {
    },
    "variables": {
        "resourceNamePrefix": "[take(uniqueString(resourceGroup().id), 3)]",
        "hostingPlanName": "[toLower(concat(variables('resourceNamePrefix'), '-', take(uniqueString(resourceGroup().id), 6), '-sp'))]",
        "siteName": "[toLower(concat(variables('resourceNamePrefix'), '-', take(uniqueString(resourceGroup().id), 6)))]"
    },
    "resources": [
        {
            "name": "[variables('hostingPlanName')]",
            "type": "Microsoft.Web/serverfarms",
            "apiVersion": "2016-09-01",
            "location": "[resourceGroup().location]",
            "properties": {
                "name": "[variables('hostingPlanName')]",
                "workerSize": "1",
                "hostingEnvironment": "",
                "numberOfWorkers": 0
            },
            "sku": {
                "Tier": "Standard",
                "Name": "S1"
            }
        },
        {
            "name": "[variables('siteName')]",
            "type": "Microsoft.Web/sites",
            "apiVersion": "2015-02-01",
            "location": "[resourceGroup().location]",
            "dependsOn": [
                "[concat('Microsoft.Web/serverfarms/', variables('hostingPlanName'))]"
            ],
            "properties": {
                "name": "[variables('siteName')]",
                "serverFarmId": "[variables('hostingPlanName')]",
                "hostingEnvironment": ""
            }
        }
    ]
}